{
    "model_type": "ridge",
    "features": [
        "Pregnancies",
        "Glucose",
        "BloodPressure",
        "SkinThickness",
        "Insulin",
        "BMI",
        "DiabetesPedigreeFunction",
        "Age"
    ],
    "intercept": 34.853420195439746,
    "coefficients": [
        5.957633100830766,
        19.35846995543181,
        -0.1837954356491089,
        -0.04928149830866468,
        1.584632233983999,
        9.861799123881822,
        4.425249457727624,
        1.5830095096261045
    ]
}