{
    "model_type": "linear",
    "features": [
        "Pregnancies",
        "Glucose",
        "BloodPressure",
        "SkinThickness",
        "Insulin",
        "BMI",
        "DiabetesPedigreeFunction",
        "Age"
    ],
    "intercept": 34.853420195439746,
    "coefficients": [
        6.1103186282644675,
        19.754192703244204,
        -0.2807234061651158,
        -0.21065069790701596,
        1.4105656315642614,
        10.08313493891798,
        4.464091701046466,
        1.5313411183277967
    ]
}